{"color":4,"star_type":1,"ion_probability":0.5543478260869565,"particle_density":0.6086956521739131,"arc_probability":0.45652173913043476,"animate":false,"dark":false,"seed":42,"name":"jeanmarc"}